https://www.livrariadagaia.com.br/, 1
https://www.livrariasimples.com.br/, 2
https://www.lojaadcos.com.br/, 3
https://www.travessa.com.br/, 4
https://livrariaraphaeltonon.com.br/, 5
https://livrariacomcristo.com.br/, 6
https://www.livrariaeiffel.com.br/, 7
https://www.legerelivraria.com.br/, 8
https://livrariamandarina.com.br/, 9
http://www.livrariaarcoiris.com.br/, 10
https://livrariabrodbeck.com.br/, 11
https://livrariaintersaberes.com.br/, 12
https://www.livrariaberinjela.com.br/, 13
https://livrariacedro.com.br/, 14
https://www.livrariart.com.br/, 15
https://www.livrariart.com.br/, 16
https://www.livrarialoyola.com.br/, 17
https://www.infostore.com.br/, 18
https://stlflix.com.br/, 19
https://www.lojasimperio.com.br/, 20
https://www.creativecopias.com.br/, 21
https://www.casaevideo.com.br/, 22
https://www.pinheirense.com.br/, 23
https://www.lebiscuit.com.br/, 24
https://www.casadascanetas.com.br/, 25
https://cliente.lojafabercastell.com.br/, 26
